<!--
  ~ Adapted from the Wizardry License
  ~
  ~ Copyright (c) 2018-2019 DaPorkchop_ and contributors
  ~
  ~ Permission is hereby granted to any persons and/or organizations using this software to copy, modify, merge, publish, and distribute it. Said persons and/or organizations are not allowed to use the software or any derivatives of the work for commercial use or any other means to generate income, nor are they allowed to claim this software as their own.
  ~
  ~ The persons and/or organizations are also disallowed from sub-licensing and/or trademarking this software without explicit permission from DaPorkchop_.
  ~
  ~ Any persons and/or organizations using this software must disclose their source code and have it publicly available, include this license, provide sufficient credit to the original authors of the project (IE: DaPorkchop_), as well as provide a link to the original project.
  ~
  ~ THE SOFTWARE IS PROVIDED "AS IS", WITHOUT WARRANTY OF ANY KIND, EXPRESS OR IMPLIED, INCLUDING BUT NOT LIMITED TO THE WARRANTIES OF MERCHANTABILITY, FITNESS FOR A PARTICULAR PURPOSE AND NON INFRINGEMENT. IN NO EVENT SHALL THE AUTHORS OR COPYRIGHT HOLDERS BE LIABLE FOR ANY CLAIM, DAMAGES OR OTHER LIABILITY, WHETHER IN AN ACTION OF CONTRACT, TORT OR OTHERWISE, ARISING FROM, OUT OF OR IN CONNECTION WITH THE SOFTWARE OR THE USE OR OTHER DEALINGS IN THE SOFTWARE.
  ~
  -->

<code_scheme name="pepsimod" version="173">
    <JavaCodeStyleSettings>
        <option name="CLASS_COUNT_TO_USE_IMPORT_ON_DEMAND" value="99999"/>
        <option name="PACKAGES_TO_USE_IMPORT_ON_DEMAND">
            <value/>
        </option>
    </JavaCodeStyleSettings>
    <codeStyleSettings language="JAVA">
        <option name="RIGHT_MARGIN" value="999"/>
        <option name="KEEP_FIRST_COLUMN_COMMENT" value="false"/>
        <option name="KEEP_CONTROL_STATEMENT_IN_ONE_LINE" value="false"/>
        <option name="ALIGN_MULTILINE_CHAINED_METHODS" value="true"/>
        <option name="METHOD_CALL_CHAIN_WRAP" value="5"/>
        <option name="IF_BRACE_FORCE" value="3"/>
        <option name="DOWHILE_BRACE_FORCE" value="3"/>
        <option name="WHILE_BRACE_FORCE" value="3"/>
        <option name="FOR_BRACE_FORCE" value="3"/>
        <arrangement>
            <rules>
                <section>
                    <rule>
                        <match>
                            <AND>
                                <FIELD>true</FIELD>
                                <STATIC>true</STATIC>
                            </AND>
                        </match>
                    </rule>
                </section>
                <section>
                    <rule>
                        <match>
                            <AND>
                                <INITIALIZER_BLOCK>true</INITIALIZER_BLOCK>
                                <STATIC>true</STATIC>
                            </AND>
                        </match>
                    </rule>
                </section>
                <section>
                    <rule>
                        <match>
                            <AND>
                                <METHOD>true</METHOD>
                                <STATIC>true</STATIC>
                            </AND>
                        </match>
                    </rule>
                </section>
                <section>
                    <rule>
                        <match>
                            <FIELD>true</FIELD>
                        </match>
                    </rule>
                </section>
                <section>
                    <rule>
                        <match>
                            <INITIALIZER_BLOCK>true</INITIALIZER_BLOCK>
                        </match>
                    </rule>
                </section>
                <section>
                    <rule>
                        <match>
                            <CONSTRUCTOR>true</CONSTRUCTOR>
                        </match>
                    </rule>
                </section>
                <section>
                    <rule>
                        <match>
                            <METHOD>true</METHOD>
                        </match>
                    </rule>
                </section>
                <section>
                    <rule>
                        <match>
                            <ENUM>true</ENUM>
                        </match>
                    </rule>
                </section>
                <section>
                    <rule>
                        <match>
                            <INTERFACE>true</INTERFACE>
                        </match>
                    </rule>
                </section>
                <section>
                    <rule>
                        <match>
                            <AND>
                                <CLASS>true</CLASS>
                                <STATIC>true</STATIC>
                            </AND>
                        </match>
                    </rule>
                </section>
                <section>
                    <rule>
                        <match>
                            <CLASS>true</CLASS>
                        </match>
                    </rule>
                </section>
            </rules>
        </arrangement>
    </codeStyleSettings>
</code_scheme>