{
  "required": true,
  "compatibilityLevel": "JAVA_8",
  "package": "net.daporkchop.pepsimod.mixin",
  "refmap": "mixins.pepsimod.refmap.json",
  "mixins": [
    "client.gui.MixinGuiMainMenu",
    "client.network.MixinNetHandlerLoginClient",
    "client.gui.MixinGuiMultiplayer",
    "network.play.client.MixinCPacketPlayer",
    "client.gui.MixinGuiChat",
    "client.MixinMinecraft",
    "client.gui.MixinGuiBossOverlay",
    "network.MixinNetworkManager",
    "util.MixinTabCompleter",
    "entity.MixinEntity",
    "util.MixinTimer",
    "block.MixinBlock",
    "client.renderer.MixinBlockFluidRenderer",
    "client.renderer.MixinBlockModelRenderer",
    "client.renderer.chunk.MixinVisGraph",
    "block.MixinBlockLiquid",
    "entity.MixinEntityLivingBase",
    "client.renderer.MixinEntityRenderer",
    "block.MixinBlockSlab",
    "client.multiplayer.MixinWorldClient",
    "client.entity.MixinAbstractClientPlayer",
    "client.renderer.entity.MixinRender",
    "client.gui.MixinGuiIngame",
    "client.renderer.MixinItemRenderer",
    "world.MixinWorld",
    "client.network.MixinNetHandlerPlayClient",
    "client.settings.MixinGameSettings",
    "client.gui.MixinGuiDisconnected",
    "client.gui.MixinGuiIngameMenu",
    "item.MixinItemStack",
    "scoreboard.MixinScoreboard",
    "block.MixinBlockSoulSand",
    "client.entity.MixinEntityPlayerSP",
    "util.MixinMovementInputFromOptions",
    "entity.passive.MixinEntityPig",
    "entity.passive.MixinAbstractHorse",
    "client.gui.MixinGuiConnecting",
    "client.resources.MixinLocale",
    "world.storage.MixinWorldInfo",
    "client.renderer.MixinRenderGlobal",
    "client.settings.MixinKeyBinding",
    "entity.MixinEntityAgeable",
    "util.text.translation.MixinLanguageMap",
    "client.gui.MixinGuiPlayerTabOverlay"
  ]
}